    8189,package-lock.json
    5506,public/images/logo.png
    5504,public.zip
    3715,package-lock 2.json
    3015,server.js
    1999,tools/compare_i18n_report_all.json
    1570,public/js/main.js
    1383,public/css/style.css
    1254,iphone-14_step2_details.png
    1254,iphone-13_step2_details.png
    1206,iphone-14_step2_adults_changed.png
    1206,iphone-13_step2_adults_changed.png
    1191,iphone-16-pro-max_step2_adults_changed.png
    1178,iphone-16-pro-max_step2_details.png
    1171,pixel-7_step1_calendar.png
    1127,iphone-14_step1_calendar.png
    1127,iphone-13_step1_calendar.png
    1087,public/js/admin-ui.js
    1043,iphone-16-pro-max_step1_calendar.png
    1002,iphone-14_profile_overlay.png
     943,iphone-13_profile_overlay.png
     864,public/css/booking.css
     850,iphone-16-pro-max_profile_overlay.png
     844,routes/partners.js
     808,routes/provider.js
     782,iphone-14_step3_summary.png
     782,iphone-13_step3_summary.png
     777,webhook.log
     728,iphone-13_help_overlay.png
     700,iphone-16-pro-max_step3_summary.png
     671,iphone-14_help_overlay.png
     654,public/step2.html
     633,data/db.sqlite3
     629,iphone-16-pro-max_help_overlay.png
     548,public/js/admin-home.js
     532,routes/driver.js
     498,public/css/trip.css
     474,public/js/manual-payments.js
     468,public/css/admin-cleanup.css
     430,public/images/logo.webp
     423,public/js/booking-addons.js
     396,routes/admin-suppliers.js
     373,public/step3.html
     371,webhook.js
     347,routes/pickup-route.js
     344,public/js/i18n.js
     330,tools/admin_functional_smoke.js
     318,routes/provider-availability.js
     310,public/i18n/en.json
     302,locales/en.json
     300,locales/el.json
     298,public/data/trips/santorini.json
     282,public/checkout.html
     280,tools/admin_visual_check.js
     276,public/css/theme.css
     268,public/i18n/el.json
     259,public/css/welcome.css
     258,public/i18n/ru.json
     257,public/i18n/zh.json
     257,public/i18n/sv.json
     257,public/i18n/pt.json
     257,public/i18n/nl.json
     257,public/i18n/ko.json
     257,public/i18n/it.json
     257,public/i18n/es.json
     253,public/js/admin-suppliers.js
     249,public/i18n/he.json
     249,public/i18n/fr.json
     249,public/i18n/de.json
     246,tools/public_i18n_dryrun/en.json
     246,tools/public_i18n_dryrun/el.json
     246,tools/public_i18n_backup_2025-10-23T17-37-41-290Z/en.json
     246,tools/public_i18n_backup_2025-10-23T17-37-41-290Z/el.json
     246,services/dispatchService.js
     246,public/css/step2.css
     244,public/about/index.html
     241,public/trips/trip.html
     236,tools/public_i18n_dryrun/ru.json
     236,tools/public_i18n_backup_2025-10-23T17-37-41-290Z/ru.json
     235,tools/public_i18n_dryrun/zh.json
     235,tools/public_i18n_dryrun/sv.json
     235,tools/public_i18n_dryrun/pt.json
     235,tools/public_i18n_dryrun/nl.json
     235,tools/public_i18n_dryrun/ko.json
     235,tools/public_i18n_dryrun/it.json
     235,tools/public_i18n_dryrun/es.json
     235,tools/public_i18n_backup_2025-10-23T17-37-41-290Z/zh.json
     235,tools/public_i18n_backup_2025-10-23T17-37-41-290Z/sv.json
     235,tools/public_i18n_backup_2025-10-23T17-37-41-290Z/pt.json
     235,tools/public_i18n_backup_2025-10-23T17-37-41-290Z/nl.json
     235,tools/public_i18n_backup_2025-10-23T17-37-41-290Z/ko.json
     235,tools/public_i18n_backup_2025-10-23T17-37-41-290Z/it.json
     235,tools/public_i18n_backup_2025-10-23T17-37-41-290Z/es.json
     235,tools/public_i18n_backup_2025-10-23T16-01-26-022Z/zh.json
     235,tools/public_i18n_backup_2025-10-23T16-01-26-022Z/sv.json
     235,tools/public_i18n_backup_2025-10-23T16-01-26-022Z/ru.json
     235,tools/public_i18n_backup_2025-10-23T16-01-26-022Z/pt.json
     235,tools/public_i18n_backup_2025-10-23T16-01-26-022Z/nl.json
     235,tools/public_i18n_backup_2025-10-23T16-01-26-022Z/ko.json
     235,tools/public_i18n_backup_2025-10-23T16-01-26-022Z/it.json
     235,tools/public_i18n_backup_2025-10-23T16-01-26-022Z/es.json
     234,tools/public_i18n_backup_2025-10-23T16-01-26-022Z/en.json
     234,tools/public_i18n_backup_2025-10-23T16-01-26-022Z/el.json
     231,locales/ru.json
     230,locales/sv.json
     230,locales/pt.json
     230,locales/nl.json
     230,locales/ko.json
     229,public/js/assistant.js
     228,locales/zh.json
     228,locales/it.json
     228,locales/es.json
     227,tools/public_i18n_dryrun/he.json
     227,tools/public_i18n_dryrun/fr.json
     227,tools/public_i18n_dryrun/de.json
     227,tools/public_i18n_backup_2025-10-23T17-37-41-290Z/he.json
     227,tools/public_i18n_backup_2025-10-23T17-37-41-290Z/fr.json
     227,tools/public_i18n_backup_2025-10-23T17-37-41-290Z/de.json
     227,tools/public_i18n_backup_2025-10-23T16-01-26-022Z/he.json
     227,tools/public_i18n_backup_2025-10-23T16-01-26-022Z/fr.json
     227,tools/public_i18n_backup_2025-10-23T16-01-26-022Z/de.json
     227,public/js/admin-bookings.js
     222,tools/public_i18n_backup_2025-10-23T17-35-47-997Z/en.json
     222,tools/public_i18n_backup_2025-10-23T17-35-47-997Z/el.json
     222,tools/public_i18n_backup_2025-10-23T16-17-32-061Z/en.json
     222,tools/public_i18n_backup_2025-10-23T16-17-32-061Z/el.json
     222,locales/he.json
     222,locales/fr.json
     222,locales/de.json
     214,public/provider/provider-bookings.js
     212,tools/public_i18n_backup_2025-10-23T17-35-47-997Z/ru.json
     211,tools/public_i18n_backup_2025-10-23T17-35-47-997Z/zh.json
     211,tools/public_i18n_backup_2025-10-23T17-35-47-997Z/sv.json
     211,tools/public_i18n_backup_2025-10-23T17-35-47-997Z/pt.json
     211,tools/public_i18n_backup_2025-10-23T17-35-47-997Z/nl.json
     211,tools/public_i18n_backup_2025-10-23T17-35-47-997Z/ko.json
     211,tools/public_i18n_backup_2025-10-23T17-35-47-997Z/it.json
     211,tools/public_i18n_backup_2025-10-23T17-35-47-997Z/es.json
     211,tools/public_i18n_backup_2025-10-23T16-17-32-061Z/zh.json
     211,tools/public_i18n_backup_2025-10-23T16-17-32-061Z/sv.json
     211,tools/public_i18n_backup_2025-10-23T16-17-32-061Z/ru.json
     211,tools/public_i18n_backup_2025-10-23T16-17-32-061Z/pt.json
     211,tools/public_i18n_backup_2025-10-23T16-17-32-061Z/nl.json
     211,tools/public_i18n_backup_2025-10-23T16-17-32-061Z/ko.json
     211,tools/public_i18n_backup_2025-10-23T16-17-32-061Z/it.json
     211,tools/public_i18n_backup_2025-10-23T16-17-32-061Z/es.json
     210,tools/public_i18n_backup_2025-10-22T18-50-50Z/zh.json
     210,tools/public_i18n_backup_2025-10-22T18-50-50Z/sv.json
     210,tools/public_i18n_backup_2025-10-22T18-50-50Z/ru.json
     210,tools/public_i18n_backup_2025-10-22T18-50-50Z/pt.json
     210,tools/public_i18n_backup_2025-10-22T18-50-50Z/nl.json
     210,tools/public_i18n_backup_2025-10-22T18-50-50Z/ko.json
     210,tools/public_i18n_backup_2025-10-22T18-50-50Z/it.json
     210,tools/public_i18n_backup_2025-10-22T18-50-50Z/es.json
     210,tools/public_i18n_backup_2025-10-22T18-50-50Z/en.json
     210,tools/public_i18n_backup_2025-10-22T18-50-50Z/el.json
     203,tools/public_i18n_backup_2025-10-23T17-35-47-997Z/he.json
     203,tools/public_i18n_backup_2025-10-23T17-35-47-997Z/fr.json
     203,tools/public_i18n_backup_2025-10-23T17-35-47-997Z/de.json
     203,tools/public_i18n_backup_2025-10-23T16-17-32-061Z/he.json
     203,tools/public_i18n_backup_2025-10-23T16-17-32-061Z/fr.json
     203,tools/public_i18n_backup_2025-10-23T16-17-32-061Z/de.json
     203,public/admin-home.html
     202,tools/public_i18n_backup_2025-10-22T18-50-50Z/he.json
     202,tools/public_i18n_backup_2025-10-22T18-50-50Z/fr.json
     202,tools/public_i18n_backup_2025-10-22T18-50-50Z/de.json
     200,public/js/admin-availability.js
     194,public/css/about.css
     190,public/css/admin-theme-toggle.css
     180,docs/Greekaway-Technical-Status-v4.md
     175,public/js/admin-seeds.js
     174,public/provider/provider.js
     174,docs/Greekaway-Technical-Status-v3.md
     172,services/computePickupTimes.js
     170,docs/Greekaway-Technical-Status-v2.md
     168,scripts/reset_driver_password.js
     168,live/liveData.js
     159,routes/manual-payments.js
     157,public/js/admin-groups.js
     156,public/css/admin-core.css
     153,public/css/admin-common.css
     150,services/pickupNotifications.js
     149,docs/demo-bookings.md
     147,live/tripData.js
     145,public/css/manual-payments.css
     143,scripts/create_demo_scattered_route_booking.js
     143,public/provider/provider-availability.js
     142,scripts/create_specified_route_booking.js
     142,public/driver/driver.js
     141,tools/seed_provider_availability.js
     136,scripts/create_custom_route_booking.js
     133,tools/compare_i18n_report.json
     115,tools/test_assistant_trip.js
     114,scripts/enrich_driver_bookings_stops.js
     108,tests/provider_panel.test.js
     102,public/driver/driver-route.js
      99,tools/migrate_bookings_metadata.js
      98,scripts/test_idempotency.js
      98,public/driver/driver-dashboard.js
      97,tools/public_i18n_dryrun/summary.json
