1454239,./public.zip
1403955,./public/images/logo.png
458752,./data/db.sqlite3
443687,./iphone-16-pro-max_step2_details.png
443096,./iphone-16-pro-max_step2_adults_changed.png
425424,./iphone-14_step2_details.png
425424,./iphone-13_step2_details.png
424774,./iphone-14_step2_adults_changed.png
424774,./iphone-13_step2_adults_changed.png
365771,./iphone-16-pro-max_step1_calendar.png
353100,./iphone-13_profile_overlay.png
350422,./iphone-16-pro-max_profile_overlay.png
347109,./iphone-14_profile_overlay.png
333386,./pixel-7_step1_calendar.png
326248,./iphone-14_step1_calendar.png
326248,./iphone-13_step1_calendar.png
299811,./iphone-16-pro-max_step3_summary.png
298912,./package-lock.json
293525,./iphone-14_step3_summary.png
293525,./iphone-13_step3_summary.png
293143,./iphone-16-pro-max_help_overlay.png
287690,./iphone-13_help_overlay.png
286230,./iphone-14_help_overlay.png
151952,./server.js
139187,./package-lock 2.json
130384,./webhook.log
115526,./public/images/logo.webp
92963,./public/js/main.js
64257,./tools/compare_i18n_report_all.json
49649,./public/js/admin-ui.js
46851,./public/css/style.css
44282,./public/css/booking.css
39931,./routes/provider.js
38460,./routes/partners.js
34523,./public/step2.html
28119,./routes/driver.js
24729,./public/data/trips/santorini.json
23981,./routes/admin-suppliers.js
23880,./public/js/admin-home.js
22885,./public/js/booking-addons.js
22632,./public/css/trip.css
22069,./public/step3.html
20273,./public/js/manual-payments.js
19595,./locales/el.json
19380,./webhook.js
17980,./routes/pickup-route.js
15932,./public/css/admin-cleanup.css
15361,./public/about/index.html
15135,./public/js/i18n.js
14899,./public/css/step2.css
14772,./public/i18n/el.json
14015,./public/checkout.html
13980,./tools/admin_functional_smoke.js
13438,./routes/provider-availability.js
13417,./tools/public_i18n_dryrun/el.json
13417,./tools/public_i18n_backup_2025-10-23T17-37-41-290Z/el.json
13113,./public/trips/trip.html
12987,./public/css/theme.css
12912,./public/i18n/ru.json
12884,./locales/ru.json
12823,./tools/public_i18n_backup_2025-10-23T16-01-26-022Z/el.json
12650,./public/js/admin-availability.js
12606,./locales/en.json
12559,./docs/Greekaway-Technical-Status-v4.md
12071,./public/js/admin-suppliers.js
12065,./public/data/trips/lefkas.json
11927,./public/provider/provider-bookings.js
11849,./services/dispatchService.js
11849,./public/i18n/en.json
11616,./tools/public_i18n_dryrun/ru.json
11616,./tools/public_i18n_backup_2025-10-23T17-37-41-290Z/ru.json
11473,./tools/public_i18n_backup_2025-10-23T16-01-26-022Z/ru.json
11380,./public/data/trips/olympia.json
10883,./tools/admin_visual_check.js
10725,./public/i18n/he.json
10719,./docs/Greekaway-Technical-Status-v2.md
10655,./locales/he.json
10561,./public/data/trips/parnassos.json
10199,./public/css/admin-core.css
10144,./public/i18n/ko.json
10076,./locales/ko.json
9932,./public/i18n/fr.json
9870,./locales/fr.json
9848,./public/js/assistant.js
9780,./public/i18n/es.json
9738,./public/i18n/pt.json
9664,./public/i18n/it.json
9657,./locales/pt.json
9649,./locales/es.json
9640,./tools/public_i18n_dryrun/he.json
9640,./tools/public_i18n_backup_2025-10-23T17-37-41-290Z/he.json
9603,./tools/public_i18n_backup_2025-10-23T16-01-26-022Z/he.json
9580,./locales/it.json
9505,./public/i18n/de.json
9496,./public/i18n/nl.json
9471,./public/js/admin-bookings.js
9445,./locales/de.json
9392,./locales/nl.json
9331,./public/i18n/sv.json
9323,./reports/largest-by-ext.txt
9309,./public/admin-home.html
9228,./docs/Greekaway-Technical-Status-v3.md
9214,./locales/sv.json
9122,./tools/public_i18n_dryrun/ko.json
9122,./tools/public_i18n_backup_2025-10-23T17-37-41-290Z/ko.json
9085,./tools/public_i18n_backup_2025-10-23T16-01-26-022Z/ko.json
9065,./reports/largest-by-lines.csv
8967,./tools/public_i18n_backup_2025-10-23T17-35-47-997Z/el.json
8967,./tools/public_i18n_backup_2025-10-23T16-17-32-061Z/el.json
8930,./public/i18n/zh.json
8920,./tools/public_i18n_dryrun/fr.json
8920,./tools/public_i18n_backup_2025-10-23T17-37-41-290Z/fr.json
8882,./tools/public_i18n_backup_2025-10-23T16-01-26-022Z/fr.json
8825,./locales/zh.json
8737,./tools/public_i18n_dryrun/pt.json
8737,./tools/public_i18n_backup_2025-10-23T17-37-41-290Z/pt.json
8728,./tools/public_i18n_dryrun/es.json
8716,./tools/public_i18n_backup_2025-10-23T17-37-41-290Z/es.json
8715,./tools/public_i18n_dryrun/en.json
8715,./tools/public_i18n_backup_2025-10-23T17-37-41-290Z/en.json
8700,./tools/public_i18n_backup_2025-10-23T16-01-26-022Z/pt.json
8679,./tools/public_i18n_backup_2025-10-23T16-01-26-022Z/es.json
8671,./tools/public_i18n_dryrun/it.json
8671,./tools/public_i18n_backup_2025-10-23T17-37-41-290Z/it.json
8632,./tools/public_i18n_backup_2025-10-23T16-01-26-022Z/it.json
8546,./tools/public_i18n_dryrun/de.json
8546,./tools/public_i18n_backup_2025-10-23T17-37-41-290Z/de.json
8521,./tools/public_i18n_dryrun/nl.json
8521,./tools/public_i18n_backup_2025-10-23T17-37-41-290Z/nl.json
8517,./tools/public_i18n_backup_2025-10-23T16-01-26-022Z/de.json
8489,./tools/public_i18n_backup_2025-10-23T16-01-26-022Z/nl.json
8426,./public/css/welcome.css
8420,./public/js/admin-seeds.js
8402,./services/computePickupTimes.js
8373,./tools/public_i18n_backup_2025-10-22T18-50-50Z/el.json
8341,./tools/public_i18n_dryrun/sv.json
8341,./tools/public_i18n_backup_2025-10-23T17-37-41-290Z/sv.json
8308,./tools/public_i18n_backup_2025-10-23T16-01-26-022Z/sv.json
8301,./tools/public_i18n_backup_2025-10-23T16-01-26-022Z/en.json
8196,./.DS_Store
8144,./public/css/admin-common.css
8089,./public/provider/provider.js
8022,./tools/public_i18n_dryrun/zh.json
8022,./tools/public_i18n_backup_2025-10-23T17-37-41-290Z/zh.json
7991,./tools/public_i18n_backup_2025-10-23T16-01-26-022Z/zh.json
7791,./services/pickupNotifications.js
7614,./tools/public_i18n_backup_2025-10-23T17-35-47-997Z/ru.json
7560,./tools/public_i18n_backup_2025-10-23T16-17-32-061Z/ru.json
7468,./tools/public_i18n_backup_2025-10-22T18-50-50Z/ru.json
7306,./public/js/admin-groups.js
7267,./data/test-seeds/seed-admin-2025-11-04.json
7104,./public/driver/driver.js
6968,./routes/manual-payments.js
6751,./public/provider/provider-availability.js
6705,./scripts/reset_driver_password.js
6579,./tools/public_i18n_backup_2025-10-23T17-35-47-997Z/he.json
6579,./tools/public_i18n_backup_2025-10-23T16-17-32-061Z/he.json
6542,./public/css/admin-theme-toggle.css
6539,./tools/public_i18n_backup_2025-10-22T18-50-50Z/he.json
6360,./tools/public_i18n_backup_2025-10-23T17-35-47-997Z/en.json
6360,./tools/public_i18n_backup_2025-10-23T16-17-32-061Z/en.json
6291,./tools/public_i18n_backup_2025-10-23T17-35-47-997Z/ko.json
6291,./tools/public_i18n_backup_2025-10-23T16-17-32-061Z/ko.json
6257,./tools/public_i18n_backup_2025-10-22T18-50-50Z/ko.json
6242,./tools/public_i18n_backup_2025-10-23T17-35-47-997Z/pt.json
6242,./tools/public_i18n_backup_2025-10-23T16-17-32-061Z/pt.json
6231,./tools/public_i18n_backup_2025-10-23T17-35-47-997Z/fr.json
6231,./tools/public_i18n_backup_2025-10-23T16-17-32-061Z/fr.json
6231,./public/driver/driver-route.js
6212,./tools/public_i18n_backup_2025-10-23T17-35-47-997Z/es.json
6212,./tools/public_i18n_backup_2025-10-23T16-17-32-061Z/es.json
6206,./tools/public_i18n_backup_2025-10-22T18-50-50Z/pt.json
6190,./tools/public_i18n_backup_2025-10-22T18-50-50Z/fr.json
6175,./tools/public_i18n_backup_2025-10-23T17-35-47-997Z/it.json
6175,./tools/public_i18n_backup_2025-10-23T16-17-32-061Z/it.json
6172,./tools/public_i18n_backup_2025-10-22T18-50-50Z/es.json
6137,./tools/public_i18n_backup_2025-10-22T18-50-50Z/it.json
6095,./tools/public_i18n_backup_2025-10-23T17-35-47-997Z/nl.json
6095,./tools/public_i18n_backup_2025-10-23T16-17-32-061Z/nl.json
6064,./tools/public_i18n_backup_2025-10-22T18-50-50Z/nl.json
6018,./tools/public_i18n_backup_2025-10-23T17-35-47-997Z/de.json
6018,./tools/public_i18n_backup_2025-10-23T16-17-32-061Z/de.json
5986,./tools/public_i18n_backup_2025-10-22T18-50-50Z/de.json
5975,./tools/public_i18n_backup_2025-10-23T17-35-47-997Z/sv.json
5975,./tools/public_i18n_backup_2025-10-23T16-17-32-061Z/sv.json
5946,./tools/public_i18n_backup_2025-10-22T18-50-50Z/en.json
5943,./tools/public_i18n_backup_2025-10-22T18-50-50Z/sv.json
5914,./tools/public_i18n_backup_2025-10-23T17-35-47-997Z/zh.json
5914,./tools/public_i18n_backup_2025-10-23T16-17-32-061Z/zh.json
5880,./tools/public_i18n_backup_2025-10-22T18-50-50Z/zh.json
5872,./tools/seed_dispatch_test.js
5839,./live/liveData.js
5825,./public/driver/driver.css
5686,./docs/CSS-Final-Verification-Report-v1.md
5683,./scripts/create_demo_scattered_route_booking.js
5544,./public/css/about.css
5539,./public/css/manual-payments.css
5438,./scripts/create_specified_route_booking.js
5427,./public/js/feedback.js
5402,./public/driver/driver-dashboard.js
